,bite_Year,bite_Month,vaccination_yrs,victim_zip
0,1985,5,1,40229
6,1990,2,1,40203
41,2009,12,1,40291
44,2009,12,1,40165
47,2009,12,3,40291
48,2009,12,3,40229
50,2009,12,1,40220
51,2009,12,3,40220
52,2009,12,1,40220
53,2009,12,1,40241
54,2010,1,1,40228
55,2010,1,3,40291
59,2010,1,1,40071
61,2010,1,1,40291
62,2010,1,1,40031
63,2010,1,1,40241
64,2010,1,1,40291
65,2010,1,1,40217
66,2010,1,3,40217
67,2010,1,3,40219
68,2010,1,1,40222
70,2010,1,1,40291
75,2010,1,1,40272
76,2010,1,3,40272
77,2010,1,3,40272
80,2010,1,1,40219
83,2010,1,1,40299
84,2010,1,1,40272
85,2010,1,1,40222
86,2010,1,3,40219
87,2010,1,1,40205
88,2010,1,1,40206
89,2010,1,3,40207
90,2010,1,1,40223
91,2010,1,1,40223
94,2010,1,3,40245
96,2010,1,1,42784
99,2010,1,1,40299
102,2010,1,1,40272
103,2010,1,1,40229
104,2010,1,1,40218
105,2010,1,1,40204
107,2010,1,1,40291
109,2010,1,1,46011
110,2010,1,1,40218
112,2010,1,1,40299
114,2010,1,1,40220
115,2010,2,1,40215
118,2010,2,1,40059
120,2010,2,1,40205
127,2010,2,3,40215
128,2010,2,3,40228
130,2010,2,1,40218
132,2010,2,1,40214
133,2010,2,1,40204
134,2010,2,1,40014
135,2010,2,1,40207
136,2010,2,1,40217
139,2010,2,1,40218
141,2010,2,1,40229
142,2010,2,1,40242
143,2010,2,1,40207
147,2010,2,1,40245
149,2010,2,1,40229
150,2010,2,1,40299
151,2010,2,1,40241
152,2010,2,1,40291
153,2010,2,1,40241
155,2010,2,1,40206
158,2010,2,3,47150
161,2010,2,3,40214
165,2010,2,1,40047
166,2010,2,1,40241
167,2010,2,1,40258
171,2010,2,1,40059
172,2010,2,1,40206
174,2010,2,1,40222
177,2010,2,1,40222
182,2010,3,3,40241
187,2010,3,1,40204
189,2010,3,1,40220
192,2010,3,1,40299
196,2010,3,1,40243
199,2010,3,1,40241
200,2010,3,1,40208
205,2010,3,3,40291
207,2010,3,1,40006
208,2010,3,1,40223
212,2010,3,1,40219
213,2010,3,1,40245
214,2010,3,1,40222
215,2010,3,1,40216
217,2010,3,1,40219
219,2010,3,1,40291
220,2010,3,1,40216
221,2010,3,1,40241
222,2010,3,1,40214
223,2010,3,1,40299
225,2010,3,1,40272
226,2010,3,1,40272
228,2010,3,1,40258
229,2010,3,1,40203
231,2010,3,1,40213
233,2010,3,1,40218
237,2010,3,1,40243
238,2010,3,1,87604
239,2010,3,3,40243
243,2010,3,1,42027
247,2010,3,1,40205
248,2010,3,3,40243
249,2010,3,1,40299
254,2010,3,3,40213
256,2010,3,1,40220
258,2010,3,3,40223
259,2010,3,3,40214
261,2010,3,3,40222
264,2010,3,3,40223
265,2010,3,3,40245
268,2010,4,1,40241
270,2010,4,1,40241
271,2010,4,3,40211
272,2010,4,1,40223
273,2010,4,3,40245
274,2010,4,1,40207
276,2010,4,3,40222
281,2010,4,1,40205
283,2010,4,3,40118
287,2010,4,1,40241
289,2010,4,1,40219
291,2010,4,1,40059
295,2010,4,3,40218
298,2010,4,1,40229
300,2010,4,1,47129
301,2010,4,3,40203
303,2010,4,1,40205
304,2010,4,1,40223
306,2010,4,1,40241
309,2010,4,1,40215
310,2010,4,2,40243
311,2010,4,1,40228
312,2010,4,1,40229
313,2010,4,1,40165
318,2010,4,2,40204
320,2010,4,1,40207
321,2010,4,3,40218
322,2010,4,1,40219
323,2010,4,3,40218
325,2010,4,1,40299
326,2010,4,1,40222
333,2010,4,1,40245
339,2010,4,1,40208
344,2010,4,1,40216
347,2010,4,2,40215
348,2010,4,1,40245
351,2010,4,1,40220
352,2010,4,1,40023
353,2010,4,1,40245
354,2010,4,1,40118
356,2010,4,1,40218
360,2010,4,1,40208
362,2010,4,1,40291
364,2010,4,1,47119
365,2010,4,1,40214
367,2010,4,1,47135
369,2010,4,1,40272
372,2010,5,3,40215
374,2010,5,1,40207
377,2010,5,1,40210
380,2010,5,1,40218
384,2010,5,1,40241
386,2010,5,1,40241
388,2010,5,1,40214
390,2010,5,1,40241
392,2010,5,3,40299
402,2010,5,1,40291
404,2010,5,1,40216
408,2010,5,3,47130
411,2010,5,1,40202
412,2010,5,3,40299
413,2010,5,3,40222
417,2010,5,3,40291
418,2010,5,3,40218
421,2010,5,1,40059
422,2010,5,1,40218
425,2010,5,1,40214
430,2010,5,1,40241
438,2010,5,1,40223
439,2010,5,1,40243
440,2010,5,1,40208
442,2010,5,1,40243
443,2010,5,1,40059
444,2010,5,11,40252
445,2010,5,1,40291
446,2010,5,1,40204
448,2010,5,1,40212
449,2010,5,1,40242
450,2010,5,1,40220
455,2010,5,1,40272
457,2010,5,1,40299
461,2010,5,1,40229
463,2010,5,1,40214
468,2010,5,1,40215
471,2010,5,1,40214
476,2010,5,1,40219
489,2010,5,1,40245
493,2010,5,1,42441
495,2010,5,3,40223
496,2010,6,3,40229
498,2010,6,1,40272
499,2010,6,1,40211
500,2010,6,1,40258
502,2010,6,1,40229
503,2010,6,1,40228
506,2010,6,1,40205
511,2010,6,1,40229
516,2010,6,1,40242
517,2010,6,1,40207
529,2010,6,1,40220
530,2010,6,1,40160
531,2010,6,1,40299
532,2010,6,3,40206
533,2010,6,3,40220
537,2010,6,1,40208
538,2010,6,3,40212
545,2010,6,1,40223
548,2010,6,3,40206
554,2010,6,1,40229
557,2010,6,3,40291
559,2010,6,1,40204
562,2010,6,1,40299
563,2010,6,1,40217
564,2010,6,3,40223
566,2010,6,1,40220
568,2010,6,3,40205
572,2010,6,1,40160
575,2010,6,1,40243
577,2010,6,3,40207
579,2010,6,1,40258
581,2010,6,1,40209
582,2010,6,1,40229
583,2010,6,1,40242
589,2010,6,1,40219
591,2010,6,1,40272
598,2010,6,1,40212
599,2010,6,1,40258
603,2010,6,3,40206
604,2010,6,1,40216
609,2010,7,1,40206
611,2010,7,1,40206
612,2010,7,1,40229
618,2010,7,1,40228
622,2010,7,1,40206
625,2010,7,3,61822
629,2010,7,1,45140
632,2010,7,1,40219
634,2010,7,1,40223
637,2010,7,3,40118
640,2010,7,1,40206
645,2010,7,3,40241
649,2010,7,1,40299
651,2010,7,1,40219
652,2010,7,1,40245
653,2010,7,1,40212
655,2010,7,3,40229
656,2010,7,1,40291
657,2010,7,3,40207
662,2010,7,1,40299
663,2010,7,1,40215
664,2010,7,1,40223
665,2010,7,3,40299
667,2010,7,1,40207
669,2010,7,3,40242
670,2010,7,3,40291
671,2010,7,1,40217
672,2010,7,1,40299
674,2010,7,3,40205
682,2010,7,1,40222
684,2010,7,1,40299
686,2010,7,1,40245
694,2010,7,3,40272
701,2010,7,1,40204
704,2010,7,1,40214
706,2010,7,1,40118
707,2010,7,1,40228
708,2010,7,1,47129
712,2010,7,3,40291
714,2010,7,1,40205
718,2010,7,1,40228
719,2010,7,1,40216
720,2010,7,1,40299
721,2010,7,1,40218
724,2010,7,3,40059
726,2010,8,3,40299
731,2010,8,1,40203
733,2010,8,1,40299
734,2010,8,1,40272
739,2010,8,1,40272
740,2010,8,1,40214
746,2010,8,1,40229
747,2010,8,3,40218
760,2010,8,1,40207
762,2010,8,3,40218
764,2010,8,1,40223
768,2010,8,1,40118
769,2010,8,1,40229
772,2010,8,1,40206
773,2010,8,1,40242
776,2010,8,1,40216
778,2010,8,3,40291
782,2010,8,1,40242
786,2010,8,3,40299
788,2010,8,3,40223
794,2010,8,1,40206
797,2010,8,1,40206
800,2010,8,1,40214
805,2010,8,1,40214
807,2010,8,1,40509
808,2010,8,1,40242
810,2010,8,1,40222
811,2010,8,1,40223
812,2010,8,1,40217
815,2010,8,1,40203
817,2010,8,3,40206
821,2010,8,3,40218
822,2010,8,1,40241
825,2010,8,1,40219
826,2010,8,3,40272
828,2010,8,1,40216
830,2010,9,1,40505
831,2010,9,1,40220
832,2010,9,1,40218
833,2010,9,3,40220
835,2010,9,1,40229
836,2010,9,1,40216
837,2010,9,1,47150
838,2010,9,1,40203
840,2010,9,1,40214
841,2010,9,1,40243
842,2010,9,1,40229
844,2010,9,3,40258
848,2010,9,1,40213
851,2010,9,3,40243
852,2010,9,1,40220
855,2010,9,1,40291
856,2010,9,1,40207
859,2010,9,1,40291
861,2010,9,1,40213
863,2010,9,1,40220
864,2010,9,1,40216
866,2010,9,1,40207
868,2010,9,1,40059
869,2010,9,1,40219
874,2010,9,3,40223
875,2010,9,3,40245
881,2010,9,1,40217
883,2010,9,1,40229
884,2010,9,1,40299
885,2010,9,1,40211
886,2010,9,1,42690
887,2010,9,3,40218
893,2010,9,1,40203
899,2010,9,1,40204
900,2010,9,1,40222
901,2010,9,1,40215
902,2010,9,1,40291
906,2010,9,3,40014
907,2010,10,1,40245
908,2010,10,3,40291
909,2010,10,1,40219
912,2010,10,1,40213
913,2010,10,1,40071
915,2010,10,1,40205
916,2010,10,1,40272
918,2010,10,3,40272
920,2010,10,1,40218
921,2010,10,1,40205
922,2010,10,3,40218
924,2010,10,3,40222
927,2010,10,3,40213
928,2010,10,1,20151
930,2010,10,3,40219
931,2010,10,3,40214
933,2010,10,1,40272
934,2010,10,1,40228
935,2010,10,1,40245
938,2010,10,3,40272
939,2010,10,3,40272
940,2010,10,1,40272
941,2010,10,1,40258
942,2010,10,1,40207
944,2010,10,1,40216
945,2010,10,1,40272
946,2010,10,1,40245
948,2010,10,1,40205
949,2010,10,1,40258
950,2010,10,1,40218
953,2010,10,1,40241
954,2010,10,1,40272
955,2010,10,1,40059
956,2010,10,3,40231
960,2010,10,1,41472
963,2010,10,1,40272
965,2010,10,1,40228
967,2010,10,1,40219
973,2010,10,3,40241
974,2010,10,1,40229
975,2010,10,3,40208
976,2010,10,1,40299
978,2010,10,3,40272
979,2010,10,1,40219
981,2010,10,1,40245
987,2010,10,1,40215
988,2010,10,1,40299
993,2010,10,1,40212
995,2010,10,1,40213
996,2010,10,1,40205
998,2010,10,1,40220
1003,2010,10,1,40206
1005,2010,10,3,40222
1006,2010,10,3,40213
1008,2010,10,1,40212
1011,2010,11,1,40299
1013,2010,11,1,40229
1014,2010,11,1,40205
1015,2010,11,1,40216
1016,2010,11,1,40222
1018,2010,11,1,40223
1020,2010,11,1,40258
1024,2010,11,1,40216
1025,2010,11,1,40272
1028,2010,11,3,40272
1031,2010,11,3,40291
1032,2010,11,1,40216
1033,2010,11,3,40205
1035,2010,11,1,40218
1036,2010,11,3,40206
1037,2010,11,1,40228
1038,2010,11,3,40041
1039,2010,11,1,40215
1041,2010,11,1,40241
1042,2010,11,1,40223
1044,2010,11,1,40212
1045,2010,11,1,40228
1046,2010,11,3,40223
1049,2010,11,3,40245
1053,2010,11,1,47172
1056,2010,11,3,40299
1059,2010,11,1,40218
1060,2010,11,1,40291
1061,2010,11,1,40272
1064,2010,11,1,40291
1065,2010,11,1,40207
1067,2010,11,3,40299
1068,2010,11,1,40243
1070,2010,11,1,40207
1072,2010,11,1,40205
1077,2010,11,1,40207
1079,2010,11,1,40214
1080,2010,11,1,40223
1084,2010,11,3,40299
1089,2010,11,1,40272
1090,2010,11,1,40219
1093,2010,11,3,40229
1094,2010,11,1,40216
1097,2010,11,1,40216
1103,2010,12,1,40222
1106,2010,12,1,40299
1111,2010,12,1,40207
1112,2010,12,1,40258
1113,2010,12,1,40214
1118,2010,12,1,40241
1119,2010,12,1,40216
1121,2010,12,1,40258
1124,2010,12,1,40212
1127,2010,12,1,40205
1129,2010,12,1,47142
1130,2010,12,1,40205
1131,2010,12,1,40291
1133,2010,12,1,40214
1136,2010,12,1,40220
1141,2010,12,3,40215
1143,2010,12,3,40229
1144,2010,12,1,40215
1145,2010,12,1,40214
1148,2010,12,1,40215
1149,2010,12,1,40215
1155,2010,12,3,40272
1156,2010,12,1,40245
1158,2010,12,1,40223
1161,2010,12,1,40217
1174,2010,12,1,40241
1175,2010,12,1,40214
1176,2010,12,3,40258
1180,2010,12,1,40223
1181,2010,12,1,40214
1182,2010,12,1,40214
1183,2010,12,1,40223
1184,2010,12,1,40228
1190,2011,1,1,40215
1194,2011,1,3,40218
1198,2011,1,1,40213
1199,2011,1,3,40241
1201,2011,1,1,40118
1202,2011,1,1,40207
1203,2011,1,1,40214
1207,2011,1,3,40299
1210,2011,1,1,40214
1212,2011,1,1,40228
1213,2011,1,1,40205
1215,2011,1,1,40217
1218,2011,1,3,40291
1220,2011,1,1,40222
1221,2011,1,1,40211
1223,2011,1,1,40207
1234,2011,1,1,40207
1236,2011,1,1,40229
1244,2011,1,3,40223
1250,2011,1,2,40223
1252,2011,2,1,40229
1254,2011,2,1,40229
1256,2011,2,1,40218
1260,2011,2,1,40243
1265,2011,2,3,40219
1268,2011,2,3,40218
1270,2011,2,1,40272
1271,2011,2,1,40223
1278,2011,2,1,40243
1282,2011,2,3,40219
1283,2011,2,1,40229
1285,2011,2,1,40241
1287,2011,2,1,40214
1290,2011,2,1,40215
1293,2011,2,1,40214
1294,2011,2,1,40245
1295,2011,2,3,40228
1298,2011,2,1,40216
1302,2011,2,1,40220
1304,2011,2,1,40165
1305,2011,2,3,40210
1306,2011,2,1,40210
1308,2011,2,3,40223
1309,2011,2,1,40214
1312,2011,3,3,40228
1313,2011,3,1,40216
1317,2011,3,1,40222
1318,2011,3,1,40202
1319,2011,3,1,40216
1326,2011,3,1,40258
1327,2011,3,1,40219
1328,2011,3,1,40118
1331,2011,3,1,40214
1335,2011,3,1,40214
1336,2011,3,3,40220
1338,2011,3,1,40204
1340,2011,3,1,40219
1344,2011,3,1,40245
1345,2011,3,1,40160
1348,2011,3,3,40245
1350,2011,3,3,40291
1353,2011,3,1,40299
1402,2013,11,3,40270
1695,2011,3,1,40299
1698,2011,3,1,40222
1700,2011,3,1,40220
1701,2011,3,1,40216
1704,2011,3,1,40245
1706,2011,3,1,40218
1709,2011,3,3,40047
1711,2011,3,1,40272
1716,2011,3,3,40219
1720,2011,3,1,40243
1722,2011,3,3,40272
1723,2011,3,1,40212
1724,2011,3,1,40229
1727,2011,3,1,40229
1728,2011,3,1,40272
1730,2011,3,1,40228
1731,2011,4,1,40206
1732,2011,4,1,40150
1740,2011,4,1,40272
1741,2011,4,3,40422
1744,2011,4,1,40272
1753,2011,4,1,40228
1757,2011,4,1,40206
1758,2011,4,1,40220
1760,2011,4,1,40222
1762,2011,4,1,40245
1764,2011,4,1,40006
1765,2011,4,3,40272
1771,2011,4,1,40299
1772,2011,4,3,40272
1773,2011,4,1,47130
1775,2011,4,1,40216
1783,2011,4,1,40241
1788,2011,4,1,40272
1791,2011,4,3,40299
1792,2011,4,1,40222
1793,2011,4,1,40222
1798,2011,4,1,40291
1802,2011,4,1,40217
1803,2011,4,3,40205
1805,2011,4,1,40215
1806,2011,4,3,40241
1813,2011,4,1,40219
1822,2011,5,1,40241
1823,2011,4,1,40059
1824,2011,4,1,40206
1826,2011,4,3,40213
1827,2011,4,1,40220
1828,2011,4,1,40118
1829,2011,4,1,40215
1830,2011,4,1,40272
1833,2011,4,1,40241
1835,2011,4,1,40245
1837,2011,5,1,40220
1841,2011,5,1,40220
1842,2011,5,1,40165
1843,2011,5,3,40205
1845,2011,5,1,40243
1846,2011,5,1,40218
1847,2011,5,1,40216
1855,2011,5,1,40245
1858,2011,5,3,40245
1862,2011,5,1,40205
1869,2011,5,1,40218
1870,2011,5,1,40218
1871,2011,5,1,40272
1873,2011,5,1,40291
1874,2011,5,3,40291
1876,2011,5,1,40229
1878,2011,5,1,40228
1881,2011,5,1,40219
1882,2011,5,1,40241
1883,2011,5,3,40206
1885,2011,5,1,40216
1887,2011,5,1,40245
1890,2011,5,1,40242
1891,2011,5,1,40229
1895,2011,5,1,40212
1897,2011,5,1,40222
1898,2011,5,1,40205
1903,2011,5,1,40204
1904,2011,5,3,40241
1905,2011,5,1,40207
1907,2011,5,1,40207
1908,2011,5,3,40208
1909,2011,5,1,40219
1910,2011,5,1,40218
1912,2011,5,1,40228
1914,2011,5,1,40205
1919,2011,5,1,40207
1920,2011,5,1,40207
1925,2011,5,3,40299
1927,2011,5,3,40033
1930,2011,5,1,40219
1931,2011,5,1,47166
1932,2011,5,1,40220
1933,2011,5,1,40205
1936,2011,5,1,40211
1938,2011,6,1,40272
1939,2011,6,1,40245
1941,2011,5,1,45331
1944,2011,5,1,40220
1947,2011,6,1,40165
1948,2011,6,1,40212
1950,2011,6,1,40215
1951,2011,5,3,40037
1953,2011,6,1,40212
1954,2011,6,3,40223
1959,2011,6,1,40229
1960,2011,6,1,40031
1961,2011,6,1,40211
1962,2011,6,1,40241
1963,2011,6,1,40215
1965,2011,6,3,29455
1967,2011,6,1,40291
1970,2011,6,1,95831
1975,2011,6,1,40299
1976,2011,6,1,40204
1984,2011,4,3,40245
1988,2011,6,1,40291
1992,2011,6,1,40214
1994,2011,6,1,40211
1995,2011,6,1,40217
1997,2011,6,1,40220
1999,2011,6,3,40222
2000,2011,6,1,40245
2001,2011,6,1,40272
2005,2011,6,1,40229
2009,2011,6,1,40031
2010,2011,6,1,40216
2014,2011,6,3,40213
2017,2011,6,3,40272
2018,2011,6,3,40204
2019,2011,6,1,40243
2020,2011,6,3,40229
2021,2011,6,1,40222
2022,2011,6,3,40206
2025,2011,6,1,40213
2027,2011,6,1,40222
2028,2011,6,1,40212
2029,2011,6,1,40214
2033,2011,6,1,40211
2035,2011,6,1,40258
2036,2011,6,1,40245
2041,2011,6,1,40299
2044,2011,6,1,40245
2047,2011,6,3,40272
2048,2011,7,1,40217
2049,2011,7,1,40299
2050,2011,7,1,40229
2052,2011,6,1,40215
2055,2011,7,1,40258
2056,2011,7,1,40258
2059,2011,6,1,40242
2060,2011,7,1,40216
2061,2011,7,1,40291
2062,2011,7,3,40291
2063,2011,7,1,40213
2066,2011,7,1,40118
2069,2011,6,3,40215
2072,2011,7,3,40214
2075,2011,7,1,40213
2076,2011,6,1,40228
2082,2011,7,1,40211
2083,2011,7,1,40222
2087,2011,7,3,40299
2089,2011,7,1,40216
2092,2011,7,1,47161
2093,2011,4,3,40228
2095,2011,7,1,40272
2100,2011,7,1,40218
2101,2011,7,3,40272
2102,2011,7,1,40299
2103,2011,7,3,40205
2106,2011,7,3,40220
2117,2011,7,1,40213
2118,2011,7,1,40213
2119,2011,7,3,40216
2123,2011,7,1,40299
2125,2011,7,1,40212
2126,2011,7,3,40245
2127,2011,7,3,40205
2142,2011,7,1,40245
2143,2011,7,1,40291
2145,2011,7,3,40229
2149,2011,7,1,40214
2152,2011,7,1,40272
2160,2011,7,1,40299
2161,2011,7,1,40291
2162,2011,7,3,40258
2165,2011,7,1,40202
2166,2011,7,1,40215
2167,2011,7,1,40220
2168,2011,7,1,40223
2169,2011,7,3,40272
2172,2011,7,1,40272
2176,2011,8,1,40220
2180,2011,8,1,40241
2181,2011,8,1,40243
2183,2011,8,1,40202
2194,2011,8,1,40215
2203,2011,8,1,40228
2204,2011,7,1,40208
2205,2011,7,1,40217
2207,2011,8,1,40215
2208,2011,8,1,47164
2211,2011,8,1,40229
2212,2011,8,3,40208
2213,2011,8,1,40207
2214,2011,8,1,40214
2217,2011,8,1,40213
2224,2011,8,1,40258
2232,2011,8,1,40215
2233,2011,8,1,40215
2234,2011,8,1,40299
2235,2011,8,1,40272
2236,2011,8,1,40258
2237,2011,8,1,40218
2238,2011,8,1,40218
2240,2011,8,3,40291
2241,2011,8,1,40229
2242,2011,8,1,40203
2243,2011,8,3,40216
2248,2011,8,1,40272
2254,2011,8,1,40291
2256,2011,8,1,40214
2257,2011,8,1,40214
2258,2011,8,3,40206
2259,2011,8,1,40214
2262,2011,8,1,40217
2263,2011,8,1,40207
2264,2011,8,1,40215
2267,2011,8,1,40214
2269,2011,8,3,40222
2274,2011,8,1,40241
2276,2011,8,1,40206
2277,2011,8,1,40207
2278,2011,8,1,40241
2279,2011,8,3,40222
2280,2011,8,3,40229
2281,2011,8,1,40219
2284,2011,8,1,40207
2285,2011,8,3,40241
2289,2011,8,1,40223
2292,2011,8,1,40118
2293,2011,8,1,40222
2294,2011,8,1,40216
2297,2011,8,1,40215
2302,2011,9,1,40216
2305,2011,9,1,40245
2307,2011,9,1,40272
2308,2011,9,3,40205
2309,2011,9,3,47150
2314,2011,9,1,40214
2316,2011,9,3,40165
2322,2011,9,1,40160
2325,2011,8,1,40218
2328,2011,9,3,40228
2329,2011,9,1,40220
2331,2011,9,1,40203
2333,2011,9,3,40223
2335,2011,9,1,40219
2337,2011,9,1,40165
2339,2011,9,1,40272
2340,2011,9,1,40205
2341,2011,9,1,40212
2343,2011,9,1,40219
2345,2011,9,1,40241
2347,2011,9,1,40203
2351,2011,9,1,40258
2353,2011,9,1,40299
2354,2011,9,1,40210
2355,2011,9,1,40299
2356,2011,9,1,40241
2358,2011,9,1,40212
2360,2011,9,1,40023
2363,2011,9,1,40272
2364,2011,9,1,40216
2366,2011,9,1,40299
2368,2011,9,1,40212
2372,2011,9,1,40220
2374,2011,9,1,40218
2376,2011,9,1,40204
2378,2011,9,3,40223
2379,2011,9,1,40245
2380,2011,9,1,40212
2383,2011,9,1,40218
2384,2011,9,1,40203
2391,2011,9,3,40207
2395,2011,9,1,40214
2397,2011,9,1,40222
2400,2011,9,1,40212
2401,2011,9,1,40206
2403,2011,9,1,44136
2405,2011,10,1,40272
2406,2011,10,1,40229
2407,2011,10,1,40205
2413,2011,10,3,40229
2415,2011,10,3,40205
2417,2011,9,1,47165
2419,2011,9,1,40258
2425,2011,10,1,40213
2427,2011,10,3,40211
2429,2011,10,1,40272
2430,2011,10,1,40299
2431,2011,10,1,40229
2433,2011,10,1,40211
2435,2011,10,1,40205
2437,2011,10,1,40211
2438,2011,10,1,40219
2442,2011,10,1,40059
2444,2011,10,1,40229
2448,2011,10,3,40220
2450,2011,10,1,40206
2451,2011,10,1,40160
2453,2011,10,1,40208
2454,2011,10,1,40071
2461,2011,10,1,40241
2462,2011,10,3,40291
2463,2011,10,1,40214
2465,2011,10,1,40272
2467,2011,10,1,40165
2468,2011,10,3,40229
2469,2011,10,1,40216
2472,2011,10,1,40220
2474,2011,10,1,40023
2476,2011,10,1,40228
2477,2011,10,1,40203
2480,2011,10,1,40211
2481,2011,10,1,40213
2482,2011,10,1,40299
2484,2011,10,1,40272
2485,2011,10,1,40217
2486,2011,10,3,24091
2488,2011,10,3,40214
2490,2011,10,3,47130
2492,2011,11,1,40272
2494,2011,11,1,40218
2495,2011,11,1,40205
2502,2011,11,3,40205
2503,2011,11,1,40211
2504,2011,11,1,40258
2505,2011,11,1,40245
2506,2011,11,1,40210
2508,2011,11,1,40245
2515,2011,11,1,40299
2517,2011,11,1,40219
2518,2011,11,3,40229
2520,2011,11,1,78258
2521,2011,11,3,40215
2523,2011,11,1,40059
2525,2011,11,1,40299
2526,2011,11,1,40205
2528,2011,11,1,40219
2529,2011,11,1,40220
2530,2011,11,1,40218
2531,2011,11,3,40223
2532,2011,11,1,40291
2533,2011,11,1,40291
2536,2011,11,1,40241
2542,2011,11,1,40241
2544,2011,11,1,40229
2547,2011,11,1,30305
2550,2011,11,1,40059
2555,2011,11,1,40212
2556,2011,11,1,40214
2562,2011,11,1,40241
2563,2011,11,1,40229
2565,2011,11,1,40216
2567,2011,11,3,40217
2571,2011,12,1,40213
2579,2011,12,3,40207
2581,2011,12,1,40218
2586,2011,12,1,40218
2587,2011,12,1,40215
2594,2011,12,1,40212
2600,2011,11,1,40258
2630,2011,12,1,40222
2634,2011,12,1,40214
2652,2011,12,1,40205
2657,2012,1,1,40272
2658,2012,1,1,40071
2696,2012,1,3,40228
2704,2012,1,3,40219
2710,2012,1,1,40206
2718,2012,1,1,40222
2722,2012,1,1,47130
2724,2012,1,1,40220
2731,2012,1,3,40223
2732,2012,1,1,40217
2739,2012,1,3,40207
2741,2012,1,1,40228
2743,2012,1,1,40272
2748,2012,2,3,40211
2749,2012,2,3,40258
2750,2012,2,1,40208
2752,2012,1,1,40222
2754,2012,2,1,40245
2756,2012,2,1,40207
2757,2012,2,1,40206
2760,2012,2,1,40213
2761,2012,2,1,40207
2762,2012,2,1,40219
2767,2012,2,1,40291
2773,2012,2,1,40258
2775,2012,2,1,40204
2786,2012,2,1,40299
2791,2012,2,1,40213
2794,2012,2,1,40291
2800,2012,2,1,40220
2804,2012,2,1,40059
2805,2012,2,1,40160
2815,2012,2,3,40299
2824,2012,3,1,40601
2825,2012,3,3,40213
2838,2012,3,1,40207
2880,2012,3,1,40228
2906,2012,3,1,40220
2924,2012,4,1,40223
2951,2012,4,3,40207
2953,2012,4,1,40222
2961,2012,4,1,40241
2962,2012,4,1,40291
2966,2012,4,1,40229
2969,2012,4,3,40272
2971,2012,4,3,40243
2972,2012,4,1,40223
2982,2012,4,1,40215
2992,2012,4,3,40228
2993,2012,4,1,40243
2995,2012,4,3,40218
3001,2012,4,1,40242
3003,2012,4,3,40299
3004,2012,4,1,40217
3009,2012,4,1,40229
3019,2012,4,1,40291
3022,2012,4,3,40228
3024,2012,4,1,40223
3035,2012,5,1,40223
3041,2012,4,3,40206
3042,2012,5,1,40206
3045,2012,5,3,40220
3047,2012,5,1,40222
3052,2012,5,1,40258
3053,2012,5,1,40299
3064,2012,5,3,40299
3065,2012,5,1,40241
3066,2012,5,3,40222
3070,2012,5,1,40218
3071,2012,5,1,40213
3080,2012,5,1,40215
3083,2012,5,1,40213
3085,2012,5,1,40229
3086,2012,5,1,40216
3090,2012,5,1,40206
3093,2012,5,3,40207
3096,2012,5,3,40272
3097,2012,5,1,40223
3100,2012,5,1,40299
3101,2012,5,1,40217
3109,2012,5,1,40211
3110,2012,5,3,40229
3112,2012,5,3,40241
3126,2012,5,3,40299
3127,2012,5,3,40243
3130,2012,5,1,40243
3139,2012,6,1,40272
3145,2012,6,3,40220
3150,2012,6,3,40291
3155,2012,6,1,40206
3160,2012,6,1,40215
3161,2012,6,3,40242
3162,2012,6,3,40205
3164,2012,6,1,40291
3173,2012,6,1,40204
3174,2012,6,1,40229
3182,2012,6,1,40272
3184,2012,6,3,40205
3188,2012,6,1,40241
3193,2012,6,3,40258
3194,2012,6,1,40220
3198,2012,6,1,40272
3201,2012,6,3,40299
3207,2012,6,3,40219
3216,2012,6,1,40219
3218,2012,6,1,40272
3220,2012,6,1,40291
3223,2012,6,3,40299
3228,2012,6,3,40241
3230,2012,6,1,40219
3231,2012,6,1,40205
3234,2012,6,1,40291
3237,2012,6,1,47150
3238,2012,6,1,40241
3239,2012,6,1,40222
3242,2012,6,1,40218
3245,2012,6,1,40229
3247,2012,6,1,40219
3256,2012,6,1,40205
3258,2012,6,1,40210
3264,2012,7,1,40216
3269,2012,7,1,40014
3273,2012,7,1,40272
3280,2012,7,1,40243
3281,2012,7,1,40291
3285,2012,7,1,40258
3292,2012,7,3,40241
3294,2012,7,1,40213
3302,2012,7,1,40214
3309,2012,7,1,40219
3321,2012,7,1,40245
3324,2012,7,1,40228
3328,2012,7,1,40272
3329,2012,7,1,40160
3362,2012,7,1,40241
3364,2012,7,1,40245
3378,2012,8,1,40245
3388,2012,8,3,47138
3395,2012,8,1,40241
3408,2012,8,3,40220
3409,2012,8,1,40272
3411,2012,8,1,40245
3422,2012,8,1,40272
3444,2012,8,1,40241
3450,2012,8,1,40228
3457,2012,8,3,40291
3464,2012,9,1,40165
3465,2012,9,1,40245
3467,2012,9,1,40214
3469,2012,8,3,40165
3471,2012,8,1,40223
3475,2012,9,3,40291
3479,2012,9,3,40291
3481,2012,9,3,40211
3510,2012,9,1,40215
3520,2012,9,3,40272
3521,2012,9,3,40223
3523,2012,9,1,40215
3528,2012,9,1,40222
3551,2012,9,1,40206
3556,2012,9,1,40215
3572,2012,10,1,40242
3605,2012,10,1,40216
3613,2012,10,1,40216
3621,2012,10,1,40214
3631,2012,10,1,40216
3645,2012,10,3,40222
3646,2012,10,1,47165
3653,2012,10,1,40272
3691,2012,11,3,40204
3692,2012,11,1,40216
3706,2012,11,1,40211
3709,2012,11,1,40059
3710,2012,11,1,40291
3726,2012,11,1,40206
3731,2012,11,1,40299
3754,2012,11,1,40228
3756,2012,11,1,40211
3757,2012,11,1,40004
3758,2012,12,1,40222
3759,2012,12,1,40205
3761,2012,12,1,40162
3786,2012,12,1,40207
3799,2012,12,1,40216
3807,2012,12,1,40291
3818,2012,12,1,42104
3831,2012,12,1,40014
3840,2013,1,1,40031
3850,2013,1,3,40272
3861,2013,1,1,40205
3876,2013,1,3,40071
3887,2013,1,1,40229
3897,2013,1,1,40204
3902,2013,1,1,40214
3906,2013,1,1,40014
3919,2013,2,1,40212
3921,2013,2,1,40206
3922,2013,2,1,40047
3925,2013,2,3,40219
3928,2013,2,1,40217
3938,2013,2,1,40211
3958,2013,2,3,40118
3963,2013,2,1,40223
3965,2013,2,1,40272
3966,2013,2,1,40291
3967,2013,2,3,40204
3973,2013,2,3,40212
3980,2013,3,1,40243
3982,2013,3,3,40213
3988,2013,2,1,40214
3991,2013,2,3,40214
3992,2013,2,1,40215
3993,2013,2,1,40216
3994,2013,2,1,40216
4002,2013,3,1,40215
4025,2013,3,3,40211
4032,2013,3,1,40219
4035,2013,3,1,40059
4038,2013,3,1,40210
4039,2013,3,1,40222
4041,2013,3,1,40241
4045,2013,3,3,40217
4059,2013,4,1,40272
4060,2013,4,3,40205
4067,2013,3,3,40214
4080,2013,4,1,40219
4081,2013,4,1,40242
4088,2013,4,1,40214
4102,2013,4,1,40213
4105,2013,4,1,40208
4108,2013,4,3,40258
4111,2013,4,1,40118
4120,2013,4,1,40220
4124,2013,4,1,40212
4135,2013,4,3,40299
4137,2013,4,1,40228
4138,2013,4,1,40211
4140,2013,4,3,40228
4142,2013,4,1,40210
4149,2013,4,1,40245
4152,2013,4,1,40223
4165,2013,4,1,40214
4171,2013,5,3,40013
4186,2013,5,1,30067
4191,2013,5,1,40229
4205,2013,5,1,40220
4215,2013,5,1,40299
4216,2013,5,1,40299
4220,2013,5,1,40215
4221,2013,5,1,40203
4222,2013,5,1,40219
4237,2013,5,1,40207
4244,2013,5,1,40213
4251,2013,5,3,40223
4252,2013,5,3,40207
4282,2013,5,1,40242
4285,2013,5,1,40118
4301,2013,6,1,40272
4306,2013,5,1,40219
4307,2013,5,1,34994
4309,2013,5,1,40216
4311,2013,5,1,40204
4312,2013,5,1,40299
4315,2013,6,3,40218
4319,2013,6,1,40212
4326,2013,6,3,40245
4331,2013,6,1,40229
4337,2013,6,1,40215
4340,2013,6,1,40214
4342,2013,6,3,40218
4343,2013,6,1,40218
4345,1952,5,1,40213
4349,2013,6,3,40208
4352,2013,6,3,40223
4357,2013,6,1,40291
4359,2013,6,3,40299
4360,2013,6,1,40207
4362,2013,6,1,60643
4363,2013,6,1,40220
4367,2013,6,3,40202
4368,2013,6,1,40212
4369,2013,6,1,40210
4379,2013,6,1,40241
4389,2013,6,3,40245
4390,2013,6,1,40204
4391,2013,6,1,40206
4400,2013,6,1,40071
4407,2013,6,1,40213
4408,2013,6,1,40213
4409,2013,6,1,40217
4416,2013,6,1,40218
4420,2013,6,3,40059
4425,2013,6,1,33418
4440,2013,7,1,40213
4442,2013,7,1,40241
4449,2013,7,3,40258
4452,2013,7,1,40219
4453,2013,7,1,40214
4458,2013,7,1,40211
4468,2013,7,3,40220
4472,2013,7,1,40272
4477,2013,7,1,40207
4478,2013,7,1,40299
4482,2013,7,1,40213
4483,2013,7,3,40211
4490,2013,7,1,40216
4493,2013,7,1,40205
4497,2013,7,1,40228
4510,2013,7,3,40229
4520,2013,7,3,40071
4524,2013,7,1,22989
4527,2013,7,3,40204
4532,2013,7,1,40207
4533,2013,7,1,40229
4534,2013,7,1,40214
4537,2013,7,1,40299
4542,2013,8,3,40220
4549,2013,8,3,40229
4553,2013,8,1,40219
4554,2013,8,1,40229
4556,2013,8,1,40245
4561,2013,8,1,11215
4565,2013,8,1,40204
4571,2013,8,1,40299
4573,2013,8,1,40216
4574,2013,7,3,40229
4579,2013,8,3,40272
4581,2013,8,1,40031
4584,2013,8,1,40217
4589,2013,8,3,40258
4591,2013,8,3,40026
4592,2013,8,1,19341
4593,2013,8,1,40272
4595,2013,8,1,40205
4598,2013,8,1,40228
4601,2013,8,1,40299
4606,2013,8,1,40205
4614,2013,8,1,40228
4616,2013,8,1,40211
4634,2013,8,1,40109
4636,2013,8,1,40019
4648,2013,8,1,40241
4649,2013,8,1,40220
4663,2013,8,3,40213
4672,2013,9,3,40245
4674,2013,9,1,40291
4678,2013,9,1,40229
4685,2013,9,1,40203
4687,2013,9,1,40216
4697,2013,9,1,40299
4698,2013,9,1,40299
4702,2013,9,1,40243
4707,2013,9,1,40291
4710,2013,9,1,40206
4711,2013,9,1,40222
4716,2013,9,1,40203
4718,2013,9,3,40204
4723,2013,9,1,40242
4732,2013,9,3,40291
4734,2013,9,1,40229
4736,2013,9,1,40220
4740,2013,9,1,40228
4744,2013,9,1,40212
4749,2013,9,3,40258
4754,2013,9,1,40214
4755,2013,9,1,40222
4757,2013,9,1,40023
4759,2013,9,1,40215
4760,2013,10,1,40214
4763,2013,9,1,40208
4766,2013,10,1,40242
4768,2013,10,3,40204
4769,2013,10,1,40245
4771,2013,10,1,40241
4772,2013,10,1,40208
4776,2013,10,1,47129
4782,2013,10,3,40272
4792,2013,10,1,40299
4793,2013,10,3,40228
4796,2013,10,1,40215
4805,2013,10,1,40218
4809,2013,10,3,40216
4811,2013,10,1,40223
4815,2013,10,1,40218
4817,2013,10,3,47454
4818,2013,10,1,40228
4827,2013,10,1,40229
4830,2013,10,1,40216
4833,2013,11,1,40219
4834,2013,11,3,40223
4836,2013,11,3,40215
4837,2013,11,1,48306
4840,2013,11,1,40203
4857,2013,11,1,40215
4859,2013,11,3,40245
4874,2013,11,1,40218
4875,2013,11,1,40299
4884,2013,11,1,40245
4887,2013,11,3,40291
4901,2013,11,1,40218
4908,2013,11,3,40065
4912,2013,11,3,40222
4914,2013,11,1,40220
4918,2013,12,1,40291
4921,2013,12,1,40214
4924,2013,11,1,40214
4925,2013,12,1,40299
4929,2013,11,1,40245
4930,2013,12,1,40291
4931,2013,12,3,40203
4935,2013,12,1,40222
4944,2013,12,3,40218
4946,2013,12,1,40299
4947,2013,12,1,40272
4949,2013,12,1,40059
4951,2013,12,1,40206
4953,2013,12,1,40214
4954,2013,12,1,40214
4958,2013,12,1,40229
4963,2013,12,1,40213
4974,2013,12,1,40059
4981,2013,12,3,47905
4983,2013,12,1,63119
4985,2013,12,3,40220
4995,2013,12,1,40291
5008,2014,1,1,40291
5027,2014,1,1,40214
5028,2014,1,1,40291
5039,2014,1,3,40291
5041,2014,1,1,40216
5045,2014,1,1,40219
5049,2014,1,3,40219
5051,2014,1,1,40291
5054,2014,1,1,40272
5062,2014,1,1,79904
5070,2014,1,1,40258
5072,2014,1,1,40258
5075,2014,1,3,40023
5089,2014,2,1,40245
5091,2014,2,1,40047
5096,2014,2,1,40026
5097,2014,2,1,40245
5098,2014,2,1,40215
5099,2014,2,3,40213
5100,2014,2,1,40208
5105,2014,2,1,47150
5106,2014,2,1,40218
5108,2014,2,1,40299
5112,2014,2,1,40204
5113,2014,2,3,40014
5128,2014,2,1,40023
5146,2014,2,1,40258
5156,2014,3,1,40272
5162,2014,3,1,40203
5166,2014,3,3,40245
5193,2014,3,1,40205
5194,2014,3,1,40228
5212,2014,3,1,40205
5215,2014,3,1,40229
5216,2014,3,1,40213
5226,2014,3,1,40014
5227,2014,3,1,40215
5234,2014,3,1,40211
5239,2014,3,1,40210
5254,2014,4,1,40206
5256,2014,3,3,40291
5263,2014,3,1,40215
5273,2014,4,1,40222
5274,2014,4,1,47129
5283,2014,4,1,40215
5292,2014,4,1,40258
5293,2014,4,1,40202
5303,2014,4,1,40218
5319,2014,4,3,40241
5325,2014,4,3,40076
5333,2014,4,1,40229
5339,2014,4,1,40205
5344,2014,4,1,40242
5352,2014,4,1,40059
5366,2014,5,3,47129
5373,2014,5,1,40212
5375,2014,5,3,37601
5378,2014,4,1,40212
5380,2014,4,3,40272
5388,2014,5,1,40218
5393,2014,5,1,40218
5394,2014,5,1,40272
5395,2014,5,1,40229
5400,2014,5,3,40213
5402,2014,5,1,40203
5417,2014,5,1,40222
5421,2014,5,1,40215
5438,2014,5,3,40218
5439,2014,5,1,40291
5457,2014,5,1,40204
5458,2014,5,3,40299
5461,2014,5,1,40272
5465,2014,5,1,40215
5470,2014,5,1,40208
5473,2014,5,1,40291
5479,2014,5,3,46107
5483,2014,5,1,40205
5487,2014,6,3,42718
5488,2014,5,1,40272
5490,2014,5,3,40214
5491,2014,5,1,40211
5494,2014,5,1,40203
5495,2014,5,1,40207
5500,2014,6,1,40214
5502,2014,5,1,40219
5503,2014,5,3,40272
5507,2014,6,1,40216
5514,2014,6,1,40214
5515,2014,6,3,40205
5526,2014,6,1,40272
5527,2014,6,1,40272
5528,2014,6,1,40216
5529,2014,6,1,40214
5539,2014,6,1,40241
5541,2014,6,1,38585
5544,2014,6,3,40245
5547,2014,6,1,40229
5564,2014,6,1,40211
5576,2014,6,1,40215
5581,2014,6,1,40218
5592,2014,7,1,40047
5593,2014,7,1,40219
5601,2014,6,1,40229
5607,2014,7,1,40215
5614,2014,7,1,40213
5617,2014,7,1,40299
5624,2014,7,3,40216
5627,2014,7,1,40291
5639,2014,7,3,40222
5640,2014,7,1,40291
5641,2014,7,1,37204
5642,2014,7,1,40222
5643,2014,7,1,40109
5644,2014,7,1,40219
5649,2014,7,2,40057
5651,2014,7,1,40241
5659,2014,7,3,40205
5662,2014,7,1,40272
5665,2014,7,1,40258
5667,2014,7,1,40218
5669,2014,7,1,40291
5676,2014,7,1,40211
5685,2014,7,3,84103
5688,2014,7,1,40291
5689,2014,7,1,40207
5691,2014,7,1,40204
5707,2014,8,3,40228
5714,2014,8,3,40202
5731,2014,7,1,40204
5741,2014,8,1,40258
5748,2014,8,3,40223
5751,2014,8,3,40272
5755,2014,8,1,40299
5766,2014,8,1,40118
5774,2014,8,1,40118
5775,2014,8,1,40215
5776,2014,8,1,40217
5778,2014,8,1,40207
5784,2014,8,1,40272
5786,2014,8,1,47122
5793,2014,8,1,40213
5794,2014,8,1,40217
5805,2014,8,1,40214
5810,2014,8,1,40214
5811,2014,8,1,47150
5826,2014,9,1,40220
5828,2014,9,1,40299
5830,2014,8,1,40069
5840,2014,8,1,40205
5849,2014,9,1,40059
5852,2014,9,1,40202
5854,2014,9,1,40204
5861,2014,9,3,40228
5863,2014,8,1,40069
5865,2014,9,1,40214
5866,2014,9,1,40215
5867,2014,9,3,40245
5871,2014,9,1,47111
5873,2014,9,3,40241
5874,2014,9,1,40222
5875,2014,9,3,40217
5885,2014,9,1,47130
5886,2014,9,1,40216
5887,2014,9,1,40272
5890,2014,9,1,40229
5895,2014,9,3,40272
5900,2014,9,3,40218
5903,2014,9,1,40219
5904,2014,9,1,40219
5909,2014,9,1,40204
5916,2014,9,1,40299
5917,2014,9,1,40291
5921,2014,9,1,40213
5926,2014,9,1,40204
5930,2014,9,1,40242
5934,2014,9,1,40214
5938,2014,10,1,40208
5943,2014,10,3,40242
5947,2014,10,3,40213
5960,2014,9,3,47130
5961,2014,9,1,40206
5965,2014,9,1,40213
5972,2014,10,1,40208
5973,2014,10,1,40241
5974,2014,10,3,40272
5976,2014,10,1,40245
5978,2014,10,3,40222
5980,2014,10,1,40213
5991,2014,10,1,40229
6007,2014,10,1,40220
6011,2014,10,1,40299
6015,2014,10,1,40215
6017,2014,10,1,40241
6018,2014,10,1,40203
6019,2014,10,1,40272
6022,2014,10,3,40219
6023,2014,10,1,40215
6025,2014,10,1,40205
6026,2014,10,1,40206
6027,2014,10,1,40245
6034,2014,10,1,40229
6038,2014,11,1,40207
6039,2014,11,1,40241
6044,2014,10,1,47129
6052,2014,11,3,6107
6053,2014,11,1,40207
6056,2014,11,1,40165
6057,2014,11,1,40215
6061,2014,11,1,40212
6063,2014,11,1,40205
6065,2014,11,1,40206
6068,2014,11,3,40223
6071,2014,11,1,40245
6082,2014,11,1,40223
6086,2014,11,1,40206
6088,2014,11,1,40299
6089,2014,11,1,40206
6095,2014,11,1,40031
6096,2014,11,1,15237
6110,2014,11,1,40219
6111,2014,11,3,40216
6112,2014,11,1,40216
6120,2014,12,3,40065
6127,2014,12,1,40213
6134,2014,12,1,40118
6136,2014,12,1,40219
6137,2014,12,3,40216
6140,2014,12,1,40258
6145,2014,12,1,40214
6146,2014,12,3,40229
6147,2014,12,1,40216
6148,2014,12,1,40215
6151,2014,12,1,40212
6157,2014,12,1,40219
6165,2014,12,1,40216
6170,2014,12,3,40219
6174,2014,12,1,42086
6178,2014,12,3,40245
6185,2015,1,1,20016
6188,2015,1,1,40205
6195,2015,1,1,40206
6208,2015,1,1,40272
6216,2015,1,1,40219
6218,2015,1,1,40222
6222,2015,1,1,40291
6223,2015,1,1,40272
6228,2015,1,3,40299
6231,2015,1,3,40245
6237,2015,1,1,40212
6238,2015,1,1,40272
6240,2015,1,1,40258
6247,2015,1,1,40291
6264,2015,2,1,40223
6273,2015,2,1,40258
6277,2015,2,1,40258
6278,2015,2,1,40229
6279,2015,2,1,40220
6281,2015,2,1,40215
6306,2015,2,1,40214
6307,2015,2,1,40214
6315,2015,3,1,40241
6316,2015,3,1,40299
6317,2015,3,1,40214
6318,2015,3,1,40299
6320,2015,3,1,40219
6323,2015,3,3,40118
6331,2015,3,3,40242
6336,2015,5,1,40291
6338,2015,3,1,40216
6339,2015,3,1,40299
6340,2015,3,1,40229
6344,2015,3,1,40228
6346,2015,3,3,40222
6348,2015,3,1,40243
6354,2015,3,3,40206
6356,2015,3,3,40229
6360,2015,3,1,40207
6361,2015,3,1,40272
6365,2015,3,1,40241
6366,2015,3,1,40245
6369,2015,3,3,40059
6370,2015,3,1,40207
6372,2015,3,1,40272
6373,2015,3,1,47130
6379,2015,3,1,40210
6380,2015,3,3,40299
6381,2015,3,1,40218
6382,2015,3,1,40245
6383,2015,3,3,40245
6385,2015,3,1,40210
6392,2015,3,1,40291
6393,2015,3,3,40245
6395,2015,3,1,40299
6397,2015,4,3,40213
6399,2015,4,1,40299
6403,2015,4,1,40258
6407,2015,4,1,40258
6412,2015,4,1,40215
6413,2015,4,1,40212
6414,2015,4,3,40291
6415,2015,4,1,40258
6416,2015,4,3,40218
6421,2015,4,1,40218
6423,2015,4,1,40210
6425,2015,4,1,40291
6427,2015,4,3,40206
6428,2015,4,3,40299
6433,2015,4,1,40229
6435,2015,4,1,40207
6436,2015,4,1,36877
6441,2015,4,1,40228
6445,2015,4,3,40217
6447,2015,4,1,40216
6450,2015,4,1,40206
6451,2015,4,1,40272
6452,2015,4,1,40229
6453,2015,4,1,40223
6454,2015,4,1,40245
6455,2015,4,1,40220
6457,2015,4,1,47150
6459,2015,4,1,40219
6469,2015,4,1,40212
6474,2015,4,1,40291
6476,2015,4,1,40216
6477,2015,4,1,40272
6483,2015,4,1,40272
6485,2015,4,3,40291
6486,2015,4,3,40241
6487,2015,4,1,40222
6488,2015,4,1,40219
6490,2015,4,1,40219
6491,2015,4,1,40207
6492,2015,4,1,40299
6494,2015,4,1,28103
6495,2015,4,1,40165
6497,2015,4,1,40299
6498,2015,4,3,40206
6499,2015,4,1,40205
6502,2015,5,1,40299
6503,2015,5,1,40258
6505,2013,5,1,40229
6506,2015,5,1,40218
6507,2015,5,1,40291
6508,2015,5,1,40245
6509,2015,5,1,40204
6513,2015,5,1,40241
6514,2015,4,1,47129
6515,2015,5,1,40229
6516,2015,5,1,40272
6518,2015,5,3,40215
6521,2015,4,1,40229
6523,2015,5,3,40204
6527,2015,5,1,40216
6528,2015,5,1,40214
6531,2015,5,3,40299
6534,2015,5,1,40218
6538,2015,5,3,40223
6541,2015,5,1,40272
6544,2015,5,1,40215
6545,2015,5,1,40242
6546,2015,5,1,40291
6548,2015,5,1,40207
6549,2015,5,3,40205
6553,2015,5,1,40218
6556,2015,5,1,40241
6559,2015,5,3,40216
6561,2015,5,1,40258
6563,2015,5,1,40291
6564,2015,5,1,40229
6566,2015,5,3,40245
6569,2015,5,1,40209
6571,2015,5,1,40216
6572,2015,5,1,40258
6578,2015,5,1,40229
6579,2015,5,3,40223
6582,2015,5,3,40242
6585,2015,5,1,40208
6586,2015,5,1,40299
6589,2015,5,1,40220
6591,2015,5,3,40222
6593,2015,5,1,40241
6594,2015,5,1,40219
6599,2015,5,1,40219
6600,2015,5,1,40258
6601,2015,5,1,40222
6603,2015,5,1,40206
6605,2015,5,3,40291
6608,2015,5,1,40291
6610,2015,5,3,32162
6612,2015,6,1,40241
6613,2015,6,1,40241
6617,2015,6,1,40208
6620,2015,6,1,40229
6621,2015,6,1,40214
6622,2015,6,1,40212
6624,2015,6,3,40245
6626,2015,6,3,40228
6629,2015,6,1,40291
6632,2015,6,1,40258
6633,2015,6,1,40272
6637,2015,6,1,40226
6640,2015,6,1,40245
6642,2015,6,3,40216
6644,2015,6,1,40207
6646,2015,6,1,40299
6651,2015,6,1,40219
6652,2015,6,1,40215
6654,2015,6,1,40214
6657,2015,6,1,40208
6659,2015,6,1,40212
6661,2015,6,1,40212
6662,2015,6,1,40299
6663,2015,6,1,40219
6668,2015,6,3,40206
6673,2015,6,1,40214
6681,2015,6,1,40207
6682,2015,6,1,40214
6683,2015,6,3,40245
6685,2015,6,1,40059
6686,2015,6,1,40218
6691,2015,6,1,47130
6693,2015,6,3,40228
6696,2015,6,1,40212
6700,2015,6,1,40213
6701,2015,6,3,40211
6702,2015,6,1,40272
6706,2015,6,1,40205
6709,2015,6,1,40291
6710,2015,6,3,40223
6711,2015,6,1,40207
6715,2015,6,1,40245
6718,2015,7,1,40299
6721,2015,7,1,40241
6723,2015,7,1,40299
6726,2015,7,1,40229
6727,2015,7,3,40299
6731,2015,6,1,40272
6735,2015,7,1,40211
6737,2015,6,1,40229
6738,2015,7,1,40212
6739,2015,7,1,40214
6740,2015,7,1,40212
6741,2015,7,3,40291
6742,2015,7,3,40214
6744,2015,7,1,40223
6746,2015,7,1,40205
6747,2015,7,3,40216
6749,2015,7,1,40219
6757,2015,7,1,40219
6758,2015,7,1,40223
6764,2015,7,3,37013
6765,2015,7,1,40206
6766,2015,7,1,40214
6767,2015,7,1,40219
6773,2015,7,1,40205
6781,2015,7,1,40228
6783,2015,7,3,40291
6784,2015,7,1,40214
6786,2015,7,1,40211
6787,2015,7,1,40207
6788,2015,7,1,40223
6789,2015,7,3,40245
6792,2015,7,3,40204
6793,2015,7,1,40204
6796,2015,7,1,40211
6798,2015,7,1,40243
6801,2015,7,1,40214
6803,2015,7,3,40241
6805,2015,8,1,40214
6808,2015,7,1,40206
6809,2015,7,1,40222
6810,2015,7,1,40245
6812,2015,8,3,40220
6813,2015,8,3,40272
6814,2015,7,1,40272
6816,2015,8,1,40223
6829,2015,8,3,40210
6831,2015,8,3,40014
6832,2015,8,1,40299
6834,2015,8,3,40220
6839,2015,8,1,40214
6841,2015,8,3,40299
6842,2015,8,1,40219
6845,2015,8,1,40243
6847,2015,8,1,40245
6853,2015,8,1,40212
6854,2015,8,1,40206
6855,2015,8,1,40218
6859,2015,8,1,40216
6865,2015,8,1,40214
6866,2015,8,1,40241
6867,2015,8,3,40220
6869,2015,8,3,40241
6870,2015,8,3,40222
6871,2015,8,1,40245
6873,2015,8,3,40245
6874,2015,8,1,40241
6875,2015,8,1,40241
6880,2015,9,1,40206
6882,2015,9,1,40222
6885,2015,9,1,40218
6886,2015,9,3,40241
6888,2015,9,1,40213
6889,2015,9,1,40222
6891,2015,9,1,40222
6892,2015,9,1,40228
6894,2015,8,1,40219
6895,2015,8,1,40162
6897,2015,9,1,40215
6898,2015,8,1,40215
6902,2015,9,1,40291
6903,2015,9,1,40291
6904,2015,9,1,40272
6905,2015,9,1,40220
6907,2015,9,1,40243
6909,2015,9,1,40223
6921,2015,9,1,40213
6922,2015,9,1,40218
6926,2015,9,1,40216
6929,2015,9,3,40222
6930,2015,9,1,40217
6931,2015,9,1,40206
6936,2015,9,1,40220
6938,2015,9,1,40218
6941,2015,9,1,40203
6943,2015,9,1,46227
6944,2015,9,1,40299
6954,2015,9,1,40215
6957,2015,9,1,40229
6958,2015,9,1,40223
6959,2015,9,3,40222
6963,2015,10,3,40299
6969,2015,10,3,40219
6971,2015,9,3,40207
6972,2015,10,1,40215
6974,2015,10,1,40215
6978,2015,10,1,40299
6979,2015,10,1,40216
6985,2015,10,3,40205
6986,2015,10,1,40291
6990,2015,10,1,40216
6992,2015,10,1,40219
6993,2015,10,1,40299
7005,2015,10,3,40165
7013,2015,10,1,40291
7016,2015,10,1,40212
7018,2015,10,1,40245
7019,2015,10,3,40220
7020,2015,10,1,40065
7024,2015,10,1,40299
7026,2015,10,1,40291
7027,2015,10,1,40228
7030,2015,10,1,40223
7031,2015,11,1,40218
7033,2015,10,3,40216
7034,2015,10,1,40272
7035,2015,11,1,40299
7037,2015,10,1,40222
7039,2015,11,1,40258
7041,2015,11,1,40229
7046,2015,11,3,40220
7047,2015,11,1,40218
7049,2015,11,1,40291
7051,2015,11,1,40299
7061,2015,11,1,40205
7062,2015,11,1,40299
7064,2015,11,1,40160
7065,2015,11,1,40299
7066,2015,11,3,40223
7069,2015,11,1,40216
7072,2015,11,1,40272
7073,2015,11,1,40218
7074,2015,11,1,40222
7075,2015,11,1,40207
7076,2015,11,1,40299
7080,2015,11,1,40223
7081,2015,11,1,40223
7082,2015,11,1,40216
7084,2015,11,1,40218
7085,2015,11,3,40206
7087,2015,11,1,40218
7089,2015,11,1,40291
7090,2015,11,1,40216
7094,2015,11,1,40243
7098,2015,11,3,40223
7099,2015,11,1,40223
7101,2015,11,1,40218
7104,2015,12,1,40258
7105,2015,12,1,40214
7106,2015,12,3,40205
7107,2015,12,3,40299
7109,2015,12,1,40218
7111,2015,12,1,40299
7113,2015,12,1,40207
7116,2015,12,3,40204
7117,2015,11,1,40272
7118,2015,12,1,40212
7120,2015,12,1,40219
7121,2015,12,1,40291
7123,2015,12,1,40220
7124,2015,12,1,40291
7127,2015,12,1,40218
7132,2015,12,3,40229
7134,2015,12,1,40215
7140,2015,12,1,40205
7146,2015,12,1,40014
7150,2015,12,1,34952
7153,2015,12,1,40204
7157,2016,1,3,53704
7159,2016,1,1,40216
7160,2016,1,1,40291
7162,2016,1,1,40108
7164,2015,12,3,40207
7168,2016,1,3,40241
7169,2016,1,1,40207
7171,2015,12,1,40216
7172,2016,1,1,40216
7173,2016,1,1,40216
7177,2016,1,1,40220
7179,2016,1,3,40214
7180,2016,1,1,40211
7189,2016,1,1,40215
7190,2016,1,1,40291
7192,2016,1,3,47166
7196,2016,1,1,40211
7197,2016,1,3,40223
7198,2016,1,1,40218
7200,2016,1,3,47150
7201,2016,1,1,40258
7205,2016,1,3,40214
7206,2016,1,1,40222
7208,2016,1,1,40220
7210,2016,1,1,40229
7211,2016,1,1,40243
7214,2016,1,1,40118
7215,2016,1,3,40011
7222,2016,1,1,40205
7224,2016,1,1,40219
7228,2016,1,1,40223
7230,2016,1,1,40212
7231,2016,1,1,40212
7234,2016,1,1,40258
7236,2016,1,1,40222
7239,2016,2,1,40212
7248,2016,2,1,40245
7250,2016,2,3,40242
7252,2016,2,1,40220
7254,2016,2,2,47111
7257,2016,2,1,40212
7260,2016,1,1,40272
7264,2016,2,1,40218
7270,2016,2,1,40241
7271,2016,2,3,40223
7272,2016,2,3,40242
7274,2016,2,1,40218
7277,2016,2,1,40059
7284,2016,2,1,40207
7288,2016,2,1,40219
7289,2016,2,1,40245
7290,2016,2,1,40291
7292,2016,2,1,40228
7297,2016,2,1,40299
7299,2016,2,1,40059
7300,2016,2,3,40291
7301,2016,2,1,40291
7303,2016,2,3,40206
7307,2016,3,1,40222
7309,2016,3,1,40214
7315,2016,3,3,40241
7319,2016,3,1,40218
7323,2016,3,1,40214
7324,2016,3,1,40218
7332,2016,3,1,40241
7335,2016,3,1,40245
7336,2016,3,3,40211
7337,2016,3,1,40228
7338,2016,3,1,40216
7342,2016,3,1,40291
7346,2016,3,3,40220
7347,2016,3,1,40206
7348,2016,3,1,40215
7354,2016,3,1,40218
7355,2016,3,1,40205
7357,2016,3,1,40204
7359,2016,3,3,40291
7361,2016,3,3,40218
7363,2016,3,1,40258
7368,2016,3,1,40216
7373,2016,3,1,40218
7375,2016,3,1,40215
7376,2016,3,1,40241
7377,2016,3,1,40215
7378,2016,3,1,40217
7379,2016,3,3,40214
7383,2016,3,1,40205
7390,2016,3,3,40291
7395,2016,3,1,40118
7398,2016,3,1,40291
7400,2016,3,1,40299
7406,2016,3,3,40207
7411,2016,3,1,40219
7412,2016,3,1,45036
7413,2016,4,1,40291
7415,2016,3,1,40213
7416,2016,3,3,40299
7419,2016,4,1,40202
7424,2016,4,1,40206
7430,2016,4,1,40220
7431,2016,4,1,40258
7435,2016,3,1,40241
7437,2016,3,1,40258
7442,2016,4,3,40299
7448,2016,4,3,40203
7451,2016,4,1,40215
7452,2016,4,1,40214
7458,2016,4,1,40206
7462,2016,4,1,40211
7463,2016,4,1,40220
7464,2016,4,1,40219
7467,2016,4,3,40245
7471,2016,4,3,40222
7482,2016,4,1,40208
7483,2016,4,1,47172
7485,2016,4,1,40219
7486,2016,4,1,40241
7487,2016,4,1,40215
7489,2016,4,1,42701
7492,2016,4,1,40205
7494,2016,4,1,40215
7495,2016,4,3,40059
7500,2016,4,1,40215
7501,2016,4,1,40258
7502,2016,4,1,40217
7504,2016,4,1,40208
7508,2016,4,1,40241
7511,2016,4,1,40215
7513,2016,4,1,40204
7515,2016,4,1,40202
7517,2016,4,1,40272
7518,2016,4,1,40258
7519,2016,4,1,40214
7520,2016,4,1,40204
7521,2016,4,1,40214
7522,2016,4,3,40220
7524,2016,5,3,40218
7526,2016,5,1,40213
7527,2016,5,1,40223
7528,2016,5,1,46032
7532,2016,5,1,40272
7535,2016,5,3,40215
7540,2016,5,1,40204
7541,2016,5,1,40216
7543,2016,5,3,40229
7545,2016,5,1,40258
7546,2016,5,1,40258
7547,2016,5,3,40047
7551,2016,5,1,40203
7553,2016,5,3,40223
7554,2016,5,1,40241
7557,2016,5,3,40229
7560,2016,5,1,40299
7564,2016,5,1,40059
7565,2016,5,3,40218
7566,2016,5,3,40014
7568,2016,5,1,40245
7569,2016,5,1,40217
7573,2016,5,3,40223
7574,2016,5,1,40245
7576,2016,5,1,40208
7577,2016,5,1,40207
7581,2016,5,1,40223
7583,2016,5,1,40214
7584,2016,5,3,40299
7586,2016,5,1,40272
7587,2016,5,1,40229
7589,2016,5,1,40219
7598,2016,5,1,40217
7601,2016,5,1,40216
7602,2016,5,1,40216
7603,2016,5,1,40299
7605,2016,5,1,40215
7609,2016,5,3,40121
7615,2016,5,1,40220
7616,2016,5,1,40220
7619,2016,5,1,40219
7621,2016,6,1,40291
7622,2016,6,1,40219
7625,2016,6,1,40220
7626,2016,5,1,40245
7628,2016,6,3,40223
7630,2016,5,1,47725
7638,2016,6,1,40071
7640,2016,6,1,40213
7644,2016,5,3,40031
7645,2016,6,3,40219
7647,2016,6,1,40213
7648,2016,5,1,40228
7651,2016,6,3,40213
7652,2016,6,1,40219
7657,2016,6,1,40220
7660,2016,6,1,42157
7661,2016,6,3,40228
7663,2016,6,1,40291
7664,2016,6,1,40220
7666,2016,6,1,40213
7668,2016,6,1,40211
7669,2016,6,1,40223
7671,2016,6,1,40211
7677,2016,6,1,40203
7686,2016,6,1,40222
7688,2016,6,3,40241
7689,2016,6,1,40207
7691,2016,6,1,40213
7692,2016,6,3,40202
7693,2016,6,1,40299
7694,2016,6,1,40206
7696,2016,6,3,40229
7707,2016,6,3,40242
7708,2016,6,3,40223
7709,2016,6,1,40223
7710,2016,6,3,40229
7712,2016,6,3,47130
7713,2016,6,1,40212
7714,2016,6,1,40205
7716,2016,6,1,40214
7719,2016,6,3,40207
7720,2016,6,1,40258
7722,2016,6,1,47150
7723,2016,6,1,40245
7726,2016,6,1,40219
7729,2016,6,3,40223
7731,2016,6,1,42712
7732,2016,7,3,40299
7733,2016,7,1,40216
7734,2016,7,3,40222
7735,2016,7,3,40118
7737,2016,6,3,40118
7738,2016,6,3,40118
7740,2016,6,1,40272
7743,2016,6,3,40214
7745,2016,7,1,40222
7746,2016,7,1,40205
7748,2016,7,1,47119
7751,2016,7,1,40203
7752,2016,7,1,40203
7754,2016,7,1,40291
7757,2016,7,1,40217
7758,2016,7,3,40243
7760,2016,7,1,40258
7762,2016,7,1,47150
7764,2016,7,1,40206
7766,2016,7,1,40204
7769,2016,7,1,40218
7773,2016,7,1,40215
7775,2016,7,3,40272
7778,2016,7,1,40211
7779,2016,7,3,40205
7780,2016,7,1,40118
7783,2016,7,1,40299
7784,2016,7,3,40215
7787,2016,7,1,40229
7788,2016,7,1,40245
7789,2016,7,3,40245
7791,2016,7,1,40216
7793,2016,7,1,40222
7795,2016,7,3,40223
7796,2016,7,1,40229
7797,2016,7,3,40241
7798,2016,7,1,40229
7800,2016,7,1,40210
7802,2016,7,1,40223
7803,2016,7,1,40203
7804,2016,7,3,40059
7806,2016,7,1,40214
7807,2016,7,1,40218
7808,2016,7,1,40203
7811,2016,7,3,40245
7812,2016,7,3,40291
7814,2016,7,1,40228
7817,2016,7,1,40229
7819,2016,7,1,40222
7823,2016,7,1,40217
7825,2016,7,3,40204
7826,2016,7,3,40216
7828,2016,7,3,40214
7829,2016,7,1,40216
7833,2016,7,1,40223
7839,2016,8,1,40242
7845,2016,7,1,40203
7847,2016,8,1,40212
7848,2016,8,1,40220
7852,2016,8,1,40299
7859,2016,8,1,40207
7860,2016,8,3,40218
7862,2016,8,3,40291
7868,2016,8,1,40216
7873,2016,8,1,40299
7875,2016,8,1,40299
7876,2016,8,1,40242
7879,2016,8,1,40207
7882,2016,8,3,40291
7883,2016,8,1,40219
7886,2016,8,1,40202
7888,2016,8,1,40214
7893,2016,8,1,40212
7896,2016,8,1,40118
7901,2016,8,1,42303
7903,2016,8,1,40229
7907,2016,8,1,40047
7908,2016,8,1,40241
7909,2016,8,3,40258
7912,2016,8,1,40272
7923,2016,8,3,40291
7929,2016,9,1,40291
7930,2016,9,1,40205
7931,2016,9,1,40207
7933,2016,9,3,40229
7935,2016,9,1,40217
7943,2016,9,3,40214
7944,2016,9,1,40220
7948,2016,9,1,40219
7949,2016,9,1,40213
7950,2016,9,1,40241
7951,2016,9,3,40291
7955,2016,9,1,40059
7956,2016,9,1,40272
7958,2016,9,1,40203
7961,2016,9,1,40272
7964,2016,9,1,40245
7967,2016,9,1,40211
7970,2016,9,1,40216
7972,2016,9,3,40212
7973,2016,9,1,40220
7974,2016,9,1,40219
7975,2016,9,1,47130
7976,2016,9,1,40215
7978,2016,9,1,40272
7980,2016,9,1,40241
7982,2016,10,1,40214
7984,2016,9,1,40215
7987,2016,9,1,40272
7991,2016,9,1,40228
7992,2016,9,1,40220
7993,2016,10,1,40208
7995,2016,9,1,40299
7996,2016,10,1,40067
7997,2016,10,1,40228
7998,2016,10,1,40220
8001,2016,10,1,40216
8006,2016,10,1,40207
8012,2016,10,1,40245
8014,2016,10,1,40212
8016,2016,10,1,40223
8018,2016,10,1,40223
8022,2016,10,1,40241
8026,2016,10,1,40291
8028,2016,10,1,40258
8031,2016,10,1,40223
8034,2016,10,1,40245
8035,2016,10,1,40215
8036,2016,10,1,40219
8039,2016,10,1,40211
8043,2016,10,1,40241
8044,2016,10,3,40229
8050,2016,10,1,41008
8053,2016,10,1,40272
8054,2016,10,1,40272
8057,2016,10,1,40213
8061,2016,10,1,40299
8063,2016,10,1,40220
8064,2016,10,1,40258
8065,2016,10,1,40272
8066,2016,10,1,40229
8071,2016,10,1,40220
8074,2016,10,1,40212
8076,2016,10,1,40299
8078,2016,10,3,40208
8086,2016,11,1,40208
8088,2016,11,1,40118
8094,2016,11,1,40242
8105,2016,11,3,40207
8106,2016,11,1,40214
8114,2016,11,1,40204
8115,2016,11,1,40243
8117,2016,11,1,40211
8118,2016,11,1,40215
8125,2016,11,1,40065
8126,2016,11,1,40245
8127,2016,11,1,40220
8134,2016,11,3,47129
8138,2016,11,1,40218
8144,2016,12,1,40299
8154,2016,11,1,40218
8157,2016,12,1,40165
8162,2016,12,1,40241
8170,2016,12,1,40218
8171,2016,12,3,40291
8175,2016,12,1,40217
8181,2016,12,1,40258
8185,2016,12,1,40229
8186,2016,12,1,40215
8187,2016,12,1,40219
8191,2016,12,1,40291
8194,2016,12,1,40216
8201,2017,1,3,40291
8202,2017,1,1,40222
8205,2017,1,1,40272
8206,2017,1,1,40241
8217,2017,1,3,40241
8221,2017,1,1,40214
8222,2017,1,3,40215
8223,2017,1,1,40241
8226,2017,1,3,40272
8227,2017,1,1,40214
8229,2017,1,1,40218
8231,2017,1,1,40241
8232,2017,1,1,40291
8235,2017,1,1,40219
8236,2017,1,1,40205
8243,2017,1,3,40299
8245,2017,2,1,40299
8248,2017,2,3,40299
8250,2017,2,3,40205
8256,2017,1,1,40203
8260,2017,2,3,42726
8261,2017,2,3,40218
8262,2017,2,3,40218
8268,2017,2,3,40241
8272,2017,2,1,40216
8274,2017,2,1,40214
8275,2017,2,1,40206
8277,2017,2,3,40212
8278,2017,2,1,40241
8282,2017,2,1,40258
8283,2017,2,1,40217
8287,2017,2,1,40299
8290,2017,2,1,40215
8291,2017,2,3,40229
8295,2017,2,1,40219
8304,2017,2,1,40218
8308,2017,2,1,40258
8310,2017,2,1,40214
8312,2017,2,1,40212
8321,2017,3,1,40218
8325,2017,3,1,40216
8326,2017,3,1,40217
8327,2017,3,1,40299
8339,2017,3,1,40218
8340,2017,3,3,40229
8341,2017,3,1,40220
8346,2017,3,1,40272
8354,2017,3,1,40219
8362,2017,3,1,40211
8363,2017,3,3,40213
8364,2017,3,1,40217
8367,2017,3,1,40215
8369,2017,3,1,40206
8378,2017,4,3,40118
8385,2017,3,3,40272
8386,2017,3,1,40242
8389,2017,4,1,40219
8393,2017,4,1,40241
8397,2017,4,1,40245
8404,2017,4,1,40208
8408,2017,4,1,40229
8409,2017,4,1,40212
8413,2017,4,1,40207
8414,2017,4,1,40223
8415,2017,4,3,40205
8420,2017,4,1,40272
8424,2017,4,1,40220
8427,2017,4,1,40059
8429,2017,4,1,40219
8432,2017,4,3,40241
8434,2017,4,1,40216
8441,2017,4,1,40213
8442,2017,4,1,40211
8443,2017,4,1,40220
8448,2017,4,1,40207
8453,2017,4,1,40205
8456,2017,4,1,40216
8457,2017,4,1,40217
8470,2017,4,1,40014
8471,2017,4,1,40299
8480,2017,4,1,40004
8482,2017,4,1,40214
8487,2017,5,1,40291
8488,2017,5,3,40299
8493,2017,5,1,40291
8494,2017,5,3,40291
8498,2017,5,1,40217
8499,2017,5,1,40291
8505,2017,5,1,40216
8514,2017,5,1,40065
8522,2017,5,1,40215
8523,2017,5,1,40214
8524,2017,5,3,40228
8529,2017,5,1,40204
8530,2017,5,1,40203
8531,2017,5,1,40219
8533,2017,5,1,40206
8537,2017,5,1,40229
8538,2017,5,1,40272
8542,2017,5,1,40212
8545,2017,5,3,40047
8547,2017,5,1,40214
8554,2017,5,1,40213
8555,2017,5,1,40216
8556,2017,5,1,40214
8557,2017,5,1,40216
8558,2017,5,1,40223
8560,2017,5,1,40291
8561,2017,5,3,40241
8562,2017,5,1,40216
8563,2017,5,1,40299
8564,2017,5,1,40210
8567,2017,5,3,40242
8570,1952,8,3,40299
8576,2017,5,1,40213
8580,2017,5,1,40220
8586,2017,5,1,40245
8587,2017,5,3,40207
8588,2017,5,1,40014
8589,2017,5,3,40228
8592,2017,5,1,40031
8594,2017,5,3,40245
8598,2017,6,1,40207
8600,2017,6,1,40258
8601,2017,5,1,40118
8602,2017,5,1,40245
8609,2017,6,1,40207
8612,2017,6,1,40258
8618,2017,6,1,40258
8619,2017,6,3,40299
8625,2017,6,3,40217
8630,2017,6,1,40207
8631,2017,6,3,40291
8637,2017,6,3,40059
8638,2017,6,1,40219
8645,2017,6,3,40217
8648,2017,6,3,40299
8650,2017,6,1,40219
8651,2017,6,1,40245
8657,2017,6,1,37087
8660,2017,6,1,40245
8662,2017,6,1,40299
8666,2017,6,1,40213
8669,2017,6,1,40229
8670,2017,6,1,40299
8671,2017,6,1,40272
8672,2017,6,1,40216
8674,2017,6,1,40223
8676,2017,6,3,40291
8678,2017,6,1,40299
8679,2017,6,3,40220
8682,2017,6,1,40213
8683,2017,6,1,40245
8691,2017,6,3,40205
8694,2017,6,1,40228
8695,2017,6,1,40299
8696,2017,6,1,40258
8699,2017,6,1,40241
8700,2017,6,1,40210
8701,2017,6,3,40219
8706,2017,6,1,40220
8710,2017,6,3,40214
8725,2017,7,1,40220
8726,2017,7,1,34949
8728,2017,7,1,40299
8729,2017,7,1,40242
8735,2017,6,1,40245
8738,2017,7,3,40245
8741,2017,7,3,40241
8743,2017,7,1,40220
8744,2017,7,1,41091
8746,2017,7,3,40059
8748,2017,7,1,40215
8749,2017,7,1,40204
8751,2017,7,1,40219
8752,2017,7,3,40210
8753,2017,7,1,40229
8755,2017,7,3,40291
8758,2017,7,3,40245
8759,2017,7,1,40258
8760,2017,7,3,40272
8762,2017,7,1,40207
8763,2017,7,1,40241
8764,2013,7,1,40272
8765,2017,7,1,40219
8768,2017,7,1,40245
8769,2017,7,1,40222
8771,2017,7,1,40229
8772,2017,7,1,40214
8775,2017,7,1,40299
8782,2017,7,1,40206
8785,2017,7,1,40215
8786,2017,7,1,40258
8788,2017,7,1,40216
8789,2017,7,1,40207
8791,2017,7,1,40214
8794,2017,7,1,40213
8798,2017,7,1,40245
8802,2017,7,1,40242
8806,2017,7,3,40210
8809,2017,7,1,40222
8821,2017,7,3,40204
8823,2017,7,1,40118
8825,2017,7,1,40219
8826,2017,7,1,40223
8827,2017,7,1,40272
8829,2017,7,1,40004
8830,2017,7,1,40241
8832,2017,7,1,40204
8833,2017,7,1,77598
8836,2017,7,1,40218
8838,2017,7,1,40220
8840,2017,7,1,40216
8843,2017,7,1,40222
8845,2017,7,1,40212
8846,2017,7,1,40004
8847,2017,7,1,40216
8850,2017,7,3,99037
8854,2017,8,3,40220
8861,2017,8,3,40299
8863,2017,8,3,40207
8864,2017,8,1,40299
8866,2017,8,1,40207
8868,2017,8,1,40059
8870,2017,8,1,40203
8874,2017,8,3,40207
8879,2017,8,1,40223
8880,2017,8,1,40216
8886,2017,8,1,40261
8887,2017,8,3,40203
8889,2017,8,1,40220
8892,2017,8,1,40272
8895,2017,8,1,40258
8896,2017,8,1,40215
8900,2017,8,1,40218
8901,2017,8,1,40223
8907,2017,8,1,40219
8908,2017,8,3,40223
8910,2017,8,3,40272
8917,2017,8,1,40219
8919,2017,8,1,40207
8921,2017,8,1,40222
8932,2017,8,1,40059
8933,2017,8,1,40229
8935,2017,8,1,40218
8936,2017,8,3,40218
8941,2017,8,1,40216
8942,2017,8,1,40211
8949,2017,8,3,40214
8951,2017,8,3,40118
8952,2017,8,3,40241
8953,2017,8,1,40223
8955,2017,8,1,40216
8956,2017,8,3,40218
8958,2017,8,1,40216
